title, author, created_date, url




Syncing a local and Icloud folder with python,Longjumping_Pitch353,1665446473.0,https://www.reddit.com/r/learnpython/comments/y0u3xk/syncing_a_local_and_icloud_folder_with_python/

What SMTP Port Should I Use for work email?,heh135,1665447121.0,https://www.reddit.com/r/learnpython/comments/y0uc5n/what_smtp_port_should_i_use_for_work_email/
Ask Anything Monday - Weekly Thread,AutoModerator,1665964811.0,https://www.reddit.com/r/learnpython/comments/y5vw8m/ask_anything_monday_weekly_thread/
In desperate need of brutal critique,Gafret,1666124740.0,https://www.reddit.com/r/learnpython/comments/y7htiu/in_desperate_need_of_brutal_critique/
"I wrote a simple CSS ""style engine"" for tkinter.",_piccoloser,1666141242.0,https://www.reddit.com/r/learnpython/comments/y7off4/i_wrote_a_simple_css_style_engine_for_tkinter/
Framework for creating a web based dynamic dashboard?,aries_10,1666173857.0,https://www.reddit.com/r/learnpython/comments/y7ylwr/framework_for_creating_a_web_based_dynamic/
Learning strategies/help,fr1829lkjwe56,1666169145.0,https://www.reddit.com/r/learnpython/comments/y7x96l/learning_strategieshelp/
How do you make a 50/50 random choice generator for a game?,Xanthos_Black,1666167506.0,https://www.reddit.com/r/learnpython/comments/y7wtab/how_do_you_make_a_5050_random_choice_generator/
What made Python click for you? Any Epiphanies?,Lilodude,1666121027.0,https://www.reddit.com/r/learnpython/comments/y7g8ba/what_made_python_click_for_you_any_epiphanies/
what is the name of function that get excuted each frame,ah7madaj3,1666164778.0,https://www.reddit.com/r/learnpython/comments/y7w2qi/what_is_the_name_of_function_that_get_excuted/
"What does if __name__ == ""__main__"" do in python? Can anyone clarify it to me?",Dennis-He,1666174590.0,https://www.reddit.com/r/learnpython/comments/y7yu9i/what_does_if_name_main_do_in_python_can_anyone/
Python + Folium Question: how to deal with different data with the same Latitude / longitude infos?,zachssong,1666173255.0,https://www.reddit.com/r/learnpython/comments/y7yez6/python_folium_question_how_to_deal_with_different/
How to download pdf after login from a webpage?,akodoori,1666171971.0,https://www.reddit.com/r/learnpython/comments/y7y12q/how_to_download_pdf_after_login_from_a_webpage/
Securely Store Login Details,rob51852,1666171971.0,https://www.reddit.com/r/learnpython/comments/y7y12m/securely_store_login_details/
why isn't this web scraper working,MasterCho21,1666171390.0,https://www.reddit.com/r/learnpython/comments/y7xv4i/why_isnt_this_web_scraper_working/
shutil.copy() leaves source file and copied file empty when attempting to copy a .py file with code,Didlex,1666171025.0,https://www.reddit.com/r/learnpython/comments/y7xre4/shutilcopy_leaves_source_file_and_copied_file/
Generate map of fiber optics links,hasan1417,1666169378.0,https://www.reddit.com/r/learnpython/comments/y7xbcf/generate_map_of_fiber_optics_links/
How to print user inputs from python on a regular printer through an HTML Template?,cryptooastronaut,1666169136.0,https://www.reddit.com/r/learnpython/comments/y7x93a/how_to_print_user_inputs_from_python_on_a_regular/
Anomaly detection in python/pyspark,dilkushpatel,1666168973.0,https://www.reddit.com/r/learnpython/comments/y7x7lu/anomaly_detection_in_pythonpyspark/
calculate probability per column in python,caco15,1666147164.0,https://www.reddit.com/r/learnpython/comments/y7qjm6/calculate_probability_per_column_in_python/
Is it possible to learn python coding solely using Pyto?,LethalKILLER12345,1666100281.0,https://www.reddit.com/r/learnpython/comments/y77bmu/is_it_possible_to_learn_python_coding_solely/
Choosing a random value in a range with a binomial distribution like probabilities/weights,Outlaw_07,1666168502.0,https://www.reddit.com/r/learnpython/comments/y7x2z0/choosing_a_random_value_in_a_range_with_a/
Concrete excercises,No_Biscotti_9637,1666168197.0,https://www.reddit.com/r/learnpython/comments/y7wzz4/concrete_excercises/
I need help with my 4th grade project.,Cultural-Fan-4398,1666167918.0,https://www.reddit.com/r/learnpython/comments/y7wxby/i_need_help_with_my_4th_grade_project/
VTK help! trying to take slices of an object and extract the coordinates,Long-Environment-941,1666167219.0,https://www.reddit.com/r/learnpython/comments/y7wqja/vtk_help_trying_to_take_slices_of_an_object_and/
A Markov-Chain Twitter bot trained on Elon Musk Tweets and Childrens Books,engineering-scienct,1666166068.0,https://www.reddit.com/r/learnpython/comments/y7wf65/a_markovchain_twitter_bot_trained_on_elon_musk/
has virtualenv change the path to 'activation'?,muribury,1666165866.0,https://www.reddit.com/r/learnpython/comments/y7wd7d/has_virtualenv_change_the_path_to_activation/
"Started learning python again after putting it off, recently made a simple calculator!",citric_acid43,1666117006.0,https://www.reddit.com/r/learnpython/comments/y7ei6t/started_learning_python_again_after_putting_it/
Can't figure out solution for Python project. It is due today and I can't figure out one thing,DestroyerNLH04,1666161760.0,https://www.reddit.com/r/learnpython/comments/y7v88h/cant_figure_out_solution_for_python_project_it_is/
How to create a URL shortener with validation on 10 minutes ? (FastAPI),Iamgroot_ts7777,1666161505.0,https://www.reddit.com/r/learnpython/comments/y7v5ld/how_to_create_a_url_shortener_with_validation_on/
how do i delete a folder but not contents,Loose-Lion7298,1666160374.0,https://www.reddit.com/r/learnpython/comments/y7utye/how_do_i_delete_a_folder_but_not_contents/
How to delete sub-folders but keep all the files?,Loose-Lion7298,1666160248.0,https://www.reddit.com/r/learnpython/comments/y7usnh/how_to_delete_subfolders_but_keep_all_the_files/
How would you clean dataset that contains similar texts for one real value?,learnhtk,1666160188.0,https://www.reddit.com/r/learnpython/comments/y7urzz/how_would_you_clean_dataset_that_contains_similar/
Learning python on 4gb ram pc,MichaelH18,1666104488.0,https://www.reddit.com/r/learnpython/comments/y793nd/learning_python_on_4gb_ram_pc/
Mobile app for my school,DankDankFankDankDank,1666158643.0,https://www.reddit.com/r/learnpython/comments/y7ubi9/mobile_app_for_my_school/
Advice for beginners,_twisted_whisper_,1666157880.0,https://www.reddit.com/r/learnpython/comments/y7u35x/advice_for_beginners/
trying to train with cs50P,Clashpoint007,1666140856.0,https://www.reddit.com/r/learnpython/comments/y7oabt/trying_to_train_with_cs50p/
Can someone help me split some escape characters out of some BeautifulSoup results?,ProgrammingAccount90,1666153177.0,https://www.reddit.com/r/learnpython/comments/y7slna/can_someone_help_me_split_some_escape_characters/
Loop with split function,maxkomh,1666153084.0,https://www.reddit.com/r/learnpython/comments/y7skjn/loop_with_split_function/
Autocreate project/module structure,cellular--automaton,1666152842.0,https://www.reddit.com/r/learnpython/comments/y7shlk/autocreate_projectmodule_structure/
How to access a global variable?,BigBeeBoy76,1666148852.0,https://www.reddit.com/r/learnpython/comments/y7r4vh/how_to_access_a_global_variable/
Slow @ Programming,No-Potential-9908,1666148739.0,https://www.reddit.com/r/learnpython/comments/y7r3ic/slow_programming/
What's wrong with this code? The goal is to print the occurrences of four in an inputted number.,hofcheesehead,1666148497.0,https://www.reddit.com/r/learnpython/comments/y7r0fd/whats_wrong_with_this_code_the_goal_is_to_print/
Project issue,WolfM996,1666148445.0,https://www.reddit.com/r/learnpython/comments/y7qzq3/project_issue/
Does multi-core processing in python suffer any severe limitations?,AchromaticVision,1666148377.0,https://www.reddit.com/r/learnpython/comments/y7qyp0/does_multicore_processing_in_python_suffer_any/
can you get user input and then run it in the command line,littlebudddy321,1666145567.0,https://www.reddit.com/r/learnpython/comments/y7pzaw/can_you_get_user_input_and_then_run_it_in_the/
Getting started with ethical hacking,Profile-Ordinary,1666059495.0,https://www.reddit.com/r/learnpython/comments/y6u0dn/getting_started_with_ethical_hacking/
"Convert indexes to a variable, similar to slice?",elfballs,1666144859.0,https://www.reddit.com/r/learnpython/comments/y7pq96/convert_indexes_to_a_variable_similar_to_slice/
Question (basic),Important-Asparagus9,1666144719.0,https://www.reddit.com/r/learnpython/comments/y7po6q/question_basic/
Trying to iteratively add changing values to a list and attempting to learn,InterestingComment8,1666142189.0,https://www.reddit.com/r/learnpython/comments/y7oro4/trying_to_iteratively_add_changing_values_to_a/
Need help with chat program!!,Char_TeamEmber,1666142117.0,https://www.reddit.com/r/learnpython/comments/y7oqso/need_help_with_chat_program/
How to deconstruct problems?,jsnuuub,1666126639.0,https://www.reddit.com/r/learnpython/comments/y7imzz/how_to_deconstruct_problems/
Integrating an extremely oscillating function!,Alessandroocj,1666108384.0,https://www.reddit.com/r/learnpython/comments/y7as2l/integrating_an_extremely_oscillating_function/
Does someone know what this exit code means?,AshkanKiafard,1666138942.0,https://www.reddit.com/r/learnpython/comments/y7nled/does_someone_know_what_this_exit_code_means/
"My program I ran and made no changes to now gave me an ""unkown | Unbound"" error?",milkmimo,1666124585.0,https://www.reddit.com/r/learnpython/comments/y7hr6b/my_program_i_ran_and_made_no_changes_to_now_gave/
looking for an ffmpeg alternative,SkipMorrow,1666089828.0,https://www.reddit.com/r/learnpython/comments/y73jnz/looking_for_an_ffmpeg_alternative/
Trying to use a class in one Jupyter notebook in another; nothing I've tried works,please_dont_crash,1666136498.0,https://www.reddit.com/r/learnpython/comments/y7moln/trying_to_use_a_class_in_one_jupyter_notebook_in/
Calculator help!,fire_team_delta,1666135763.0,https://www.reddit.com/r/learnpython/comments/y7mea7/calculator_help/
(help) Equivalent package for Pywin32 to use on Airflow & Vertex AI?,teddayyy,1666135562.0,https://www.reddit.com/r/learnpython/comments/y7mbi8/help_equivalent_package_for_pywin32_to_use_on/
Struggling on a project,Adventurous-Rock-738,1666135350.0,https://www.reddit.com/r/learnpython/comments/y7m8ny/struggling_on_a_project/
Why I cannot unpack out the intercept_staerr? It says there are only 5 returned,Striking-Warning9533,1666134638.0,https://www.reddit.com/r/learnpython/comments/y7lypj/why_i_cannot_unpack_out_the_intercept_staerr_it/
Listen for specific function calls and then call another function instead,Ionized97,1666107050.0,https://www.reddit.com/r/learnpython/comments/y7a80l/listen_for_specific_function_calls_and_then_call/
"Hello, I am currently trying to make a Vigenere cipher as part of an introductory python course and could use some help.",KennyFromAOT,1666119711.0,https://www.reddit.com/r/learnpython/comments/y7fo5i/hello_i_am_currently_trying_to_make_a_vigenere/
Tuts for Python,Comfortable_Net3518,1666132613.0,https://www.reddit.com/r/learnpython/comments/y7l62h/tuts_for_python/
How do I use matshow to show a colour coded matrix?,Silent-Bat7430,1666132117.0,https://www.reddit.com/r/learnpython/comments/y7kywc/how_do_i_use_matshow_to_show_a_colour_coded_matrix/
How to use conditionals within datetime or pandas to execute operations after a specific amount of time?,Profile-Ordinary,1666131995.0,https://www.reddit.com/r/learnpython/comments/y7kx5m/how_to_use_conditionals_within_datetime_or_pandas/
"Building a habit tracker, but struggling with how to logically structure the app and create/keep track of users, any help would be appreciated!",Envyofitall,1666131696.0,https://www.reddit.com/r/learnpython/comments/y7kswa/building_a_habit_tracker_but_struggling_with_how/
Curious if this is possible,Ego_Gaming,1666130835.0,https://www.reddit.com/r/learnpython/comments/y7kfxj/curious_if_this_is_possible/
any guidance for this problem?,lil_slurpie,1666130545.0,https://www.reddit.com/r/learnpython/comments/y7kbgv/any_guidance_for_this_problem/
Running python script off of a usb when inserted,MecaBlox,1666130232.0,https://www.reddit.com/r/learnpython/comments/y7k6jo/running_python_script_off_of_a_usb_when_inserted/
How do I replace alternating rows in an array with a specific number?,Silent-Bat7430,1666129699.0,https://www.reddit.com/r/learnpython/comments/y7jyqm/how_do_i_replace_alternating_rows_in_an_array/
Python copy.copy() appears to make a deep copy,MPvoxMAN13,1666040799.0,https://www.reddit.com/r/learnpython/comments/y6mq7i/python_copycopy_appears_to_make_a_deep_copy/
Help achieving desired output,Tasty_Papaya_2529,1666128523.0,https://www.reddit.com/r/learnpython/comments/y7jgrg/help_achieving_desired_output/
Can anyone help me with this problem? I have no idea how to solve it because I haven't been taught how to deal with sublists.,Lapralapso,1666128444.0,https://www.reddit.com/r/learnpython/comments/y7jfkm/can_anyone_help_me_with_this_problem_i_have_no/
Preguntas de opción múltiple con listas en Python,isag04_,1666128427.0,https://www.reddit.com/r/learnpython/comments/y7jfal/preguntas_de_opción_múltiple_con_listas_en_python/
Repeatedly running a Python script,PearsonPrenticeHall,1666125964.0,https://www.reddit.com/r/learnpython/comments/y7ichb/repeatedly_running_a_python_script/
"Python webscraping handshake failed, if statement in order to handle the error?",CosmicConnection,1666125853.0,https://www.reddit.com/r/learnpython/comments/y7iar2/python_webscraping_handshake_failed_if_statement/
Project ideas to learn and get employed??,mezardini,1666125506.0,https://www.reddit.com/r/learnpython/comments/y7i5am/project_ideas_to_learn_and_get_employed/
Converting dataframes with pandas (beginner),throwawayrandomvowel,1666125024.0,https://www.reddit.com/r/learnpython/comments/y7hxvt/converting_dataframes_with_pandas_beginner/
Question (basic),Important-Asparagus9,1666124891.0,https://www.reddit.com/r/learnpython/comments/y7hvu4/question_basic/
convert PDF to RTF file,Neradje,1666124860.0,https://www.reddit.com/r/learnpython/comments/y7hvew/convert_pdf_to_rtf_file/
Why would I use the def function?,Joel-houghton,1666124454.0,https://www.reddit.com/r/learnpython/comments/y7hp2x/why_would_i_use_the_def_function/
Help parsing text file,Wittinator,1666121687.0,https://www.reddit.com/r/learnpython/comments/y7gie1/help_parsing_text_file/
"How to search for ""q[any number]"" in a string ?",Ian_SAfc,1666121635.0,https://www.reddit.com/r/learnpython/comments/y7ghlc/how_to_search_for_qany_number_in_a_string/
Multiprocessing a function call within a for loop,Polaris44,1666121132.0,https://www.reddit.com/r/learnpython/comments/y7g9uy/multiprocessing_a_function_call_within_a_for_loop/
Tkinter - User add and delete keywords,nate42ferrari,1666107196.0,https://www.reddit.com/r/learnpython/comments/y7aaa9/tkinter_user_add_and_delete_keywords/
Validation/Control Balancing library/framework recomendations,cyberhiker,1666106764.0,https://www.reddit.com/r/learnpython/comments/y7a3n1/validationcontrol_balancing_libraryframework/
Is it possible to declare a column from a flask sqlalchemy class/table from another sqlalchemy class/table in a 1 to 1 relationship?,Professional_Depth72,1666106612.0,https://www.reddit.com/r/learnpython/comments/y7a1df/is_it_possible_to_declare_a_column_from_a_flask/
Having issues importing....,Electrical-Age8790,1666119532.0,https://www.reddit.com/r/learnpython/comments/y7fl3x/having_issues_importing/
Check if directory contains a file or any file that ends with .part,Metalmorphd,1666087555.0,https://www.reddit.com/r/learnpython/comments/y72trx/check_if_directory_contains_a_file_or_any_file/
doubt about global variable,AwaysGays,1666118616.0,https://www.reddit.com/r/learnpython/comments/y7f78m/doubt_about_global_variable/
Having Issue Parsing PySerial Results,MattDLD,1666097113.0,https://www.reddit.com/r/learnpython/comments/y7638o/having_issue_parsing_pyserial_results/
How do I find which values' latitude/longitude in a data array fit inside a polygon in the most efficient way possible?,orangeclimb7,1666118027.0,https://www.reddit.com/r/learnpython/comments/y7ey0b/how_do_i_find_which_values_latitudelongitude_in_a/
Question about alert windows in web and proxy detection,Thick_Construction_6,1666096513.0,https://www.reddit.com/r/learnpython/comments/y75vj9/question_about_alert_windows_in_web_and_proxy/
Working with Enumarate,AsafM17,1666117353.0,https://www.reddit.com/r/learnpython/comments/y7ennn/working_with_enumarate/
Two phase commit with sql alchemy or psycopg,hikaru931,1666117327.0,https://www.reddit.com/r/learnpython/comments/y7en6u/two_phase_commit_with_sql_alchemy_or_psycopg/
Looking for some programming pep talk or motivation,Suspicious_Panic6443,1666082224.0,https://www.reddit.com/r/learnpython/comments/y715xy/looking_for_some_programming_pep_talk_or/
Pythonista - hiding and showing UI elements,XenithRai,1666117114.0,https://www.reddit.com/r/learnpython/comments/y7ejty/pythonista_hiding_and_showing_ui_elements/
How can I insert data into MSSQL,kakiRD,1666114632.0,https://www.reddit.com/r/learnpython/comments/y7dh9y/how_can_i_insert_data_into_mssql/
Need help with python question,JordanRaphael,1666114198.0,https://www.reddit.com/r/learnpython/comments/y7daew/need_help_with_python_question/
Run PHP in python with $_GET and $_POST. PLS help I am banging my head on my desk!,AverseMoon54797,1666114071.0,https://www.reddit.com/r/learnpython/comments/y7d8hm/run_php_in_python_with_get_and_post_pls_help_i_am/
Function Arguments Naming Conventions,mikthinker,1666113532.0,https://www.reddit.com/r/learnpython/comments/y7d08m/function_arguments_naming_conventions/
Trying to Figure Out an Issue,Trainz_Studios,1666112673.0,https://www.reddit.com/r/learnpython/comments/y7cn2e/trying_to_figure_out_an_issue/
A function that counts the API results that come up?,PopcornPandaa,1666111728.0,https://www.reddit.com/r/learnpython/comments/y7c7yt/a_function_that_counts_the_api_results_that_come/
Trying to automate a work task,Yhcti,1666095005.0,https://www.reddit.com/r/learnpython/comments/y75c6v/trying_to_automate_a_work_task/
Data oriented project structure and best practices,statespace37,1666108500.0,https://www.reddit.com/r/learnpython/comments/y7atr3/data_oriented_project_structure_and_best_practices/
"Hello, I need help in coding the last edge of the 2D Square in Python",KuroiMizu64,1666106927.0,https://www.reddit.com/r/learnpython/comments/y7a62t/hello_i_need_help_in_coding_the_last_edge_of_the/
AttributeError: 'DictComp' object has no attribute 'elt',Global_Vehicle_765,1666105730.0,https://www.reddit.com/r/learnpython/comments/y79nmv/attributeerror_dictcomp_object_has_no_attribute/
Conecting a music device with python,gvm2121,1666105573.0,https://www.reddit.com/r/learnpython/comments/y79lau/conecting_a_music_device_with_python/
"CPU Scheduler, FCFS, Multiple CPU/IO Bursts Help",stresscurtains,1666104495.0,https://www.reddit.com/r/learnpython/comments/y793rp/cpu_scheduler_fcfs_multiple_cpuio_bursts_help/
Predicate logic,tinkyteo,1666103234.0,https://www.reddit.com/r/learnpython/comments/y78k6s/predicate_logic/
Need help creating a scalar field from a function,UpstairsIll662,1666102979.0,https://www.reddit.com/r/learnpython/comments/y78g60/need_help_creating_a_scalar_field_from_a_function/
How can I draw an circle with something written in ?,Luneon_sb,1666102662.0,https://www.reddit.com/r/learnpython/comments/y78b15/how_can_i_draw_an_circle_with_something_written_in/
Scheduled Jobs,chriscraven,1666102434.0,https://www.reddit.com/r/learnpython/comments/y787jd/scheduled_jobs/
Create simple pivot table in pandas,wdjfe,1666100951.0,https://www.reddit.com/r/learnpython/comments/y77lcr/create_simple_pivot_table_in_pandas/
how to continue and what to use next?,Delicious-Ad-4944,1666099767.0,https://www.reddit.com/r/learnpython/comments/y774ev/how_to_continue_and_what_to_use_next/
Multi-Calculate Problem,IcyDudeDuh,1666099018.0,https://www.reddit.com/r/learnpython/comments/y76tup/multicalculate_problem/
Matplotlib: How do I use timestamps for the x-axis?,PitifulWalk354,1666098913.0,https://www.reddit.com/r/learnpython/comments/y76sew/matplotlib_how_do_i_use_timestamps_for_the_xaxis/
"How to create a Dialog, that shows Directories AND Files with a particular ending (for example .case) but only lets you choose Directories and NOT Files?",Felburr,1666098873.0,https://www.reddit.com/r/learnpython/comments/y76ruj/how_to_create_a_dialog_that_shows_directories_and/
"Hey, I'm pretty new to python and if I try to use super() I get an error which I am not sure of why it happens.",GertDeEerste,1666097611.0,https://www.reddit.com/r/learnpython/comments/y769r0/hey_im_pretty_new_to_python_and_if_i_try_to_use/
How to extract functions?,InternalEmergency480,1666097544.0,https://www.reddit.com/r/learnpython/comments/y768uj/how_to_extract_functions/
i need to find area of graph made by this list,yesbinaryman,1666097374.0,https://www.reddit.com/r/learnpython/comments/y766kz/i_need_to_find_area_of_graph_made_by_this_list/
"Editing XML files based on the result of an if else? Netmiko, cisco iosxe",Nats_daddy,1666097323.0,https://www.reddit.com/r/learnpython/comments/y765xw/editing_xml_files_based_on_the_result_of_an_if/
Web Scrapping with Beautiful Soup,ionezation,1666097178.0,https://www.reddit.com/r/learnpython/comments/y7643e/web_scrapping_with_beautiful_soup/
Web Scraping with Selenium,_the_real_dirty_dan_,1666097021.0,https://www.reddit.com/r/learnpython/comments/y7620u/web_scraping_with_selenium/
Help with Conn.execute?,MXP04,1666096972.0,https://www.reddit.com/r/learnpython/comments/y761en/help_with_connexecute/
Joining hundreds of dataframes,eripmos,1666096424.0,https://www.reddit.com/r/learnpython/comments/y75udr/joining_hundreds_of_dataframes/
help with program,fumby_1,1666096242.0,https://www.reddit.com/r/learnpython/comments/y75s0m/help_with_program/
Question about modules.,unteth,1666094969.0,https://www.reddit.com/r/learnpython/comments/y75bpc/question_about_modules/
How to update nbgrade server?,Bananenklaus,1666094448.0,https://www.reddit.com/r/learnpython/comments/y754vm/how_to_update_nbgrade_server/
Using Phyton for API text generator,lllllllllyu,1666088085.0,https://www.reddit.com/r/learnpython/comments/y72zsp/using_phyton_for_api_text_generator/
When using python fstring while createing a new PATH . lower() doesent work ?,mrktwzrd,1666088017.0,https://www.reddit.com/r/learnpython/comments/y72yyr/when_using_python_fstring_while_createing_a_new/
Scraping dog food prices,9577A,1666087029.0,https://www.reddit.com/r/learnpython/comments/y72nqa/scraping_dog_food_prices/
Interacting with classes in lists of lists...,Neemulus,1666086920.0,https://www.reddit.com/r/learnpython/comments/y72mn5/interacting_with_classes_in_lists_of_lists/
Extracting data in numerical form from charts (advanced),GB-Biz,1666086749.0,https://www.reddit.com/r/learnpython/comments/y72kwb/extracting_data_in_numerical_form_from_charts/
Python tests : patch a function call inside __init__.py which isn't directly invoked by the function under test,puzzled-cognition,1666085447.0,https://www.reddit.com/r/learnpython/comments/y7262i/python_tests_patch_a_function_call_inside_init_py/
Python string find() examples,Mobo07,1666008074.0,https://www.reddit.com/r/learnpython/comments/y69ccp/python_string_find_examples/
Help with a project,SrGalipuches,1666082733.0,https://www.reddit.com/r/learnpython/comments/y71bet/help_with_a_project/
Minimal coding experience but I need to make a program to edit a line in a text file based on the line before it.,andyman11,1666082308.0,https://www.reddit.com/r/learnpython/comments/y716th/minimal_coding_experience_but_i_need_to_make_a/
Help me. Random import. please see my code.,Wide_Profile1155,1666080756.0,https://www.reddit.com/r/learnpython/comments/y70r5t/help_me_random_import_please_see_my_code/
Looking for a Python3 Cheat Sheet recommendation!,drchopperx,1666013591.0,https://www.reddit.com/r/learnpython/comments/y6bf4k/looking_for_a_python3_cheat_sheet_recommendation/
"learning pint (units library), question about strings",symbol-macrolet,1666075422.0,https://www.reddit.com/r/learnpython/comments/y6z979/learning_pint_units_library_question_about_strings/
2 Questions about Match-Case in Python,AegorBlake,1666074873.0,https://www.reddit.com/r/learnpython/comments/y6z3fi/2_questions_about_matchcase_in_python/
I believe something about how Threading handles execution is messing with my game,noai_aludem,1666073234.0,https://www.reddit.com/r/learnpython/comments/y6ylut/i_believe_something_about_how_threading_handles/
Study partner or a Mentor,Equal_Relative,1666093269.0,https://www.reddit.com/r/learnpython/comments/y74ptw/study_partner_or_a_mentor/
"If I wrote a Python script that schedules text messages, where does it run?",naz115,1666070525.0,https://www.reddit.com/r/learnpython/comments/y6xs8v/if_i_wrote_a_python_script_that_schedules_text/
Summer camp homework help,Sensitive_avocadoo,1666082560.0,https://www.reddit.com/r/learnpython/comments/y719hh/summer_camp_homework_help/
tkinter don't accept multiple inputs from same keypress,cellkatin,1666068130.0,https://www.reddit.com/r/learnpython/comments/y6x0g9/tkinter_dont_accept_multiple_inputs_from_same/
PLease walk me through on how to create an AI,KingOfTNT10,1666094839.0,https://www.reddit.com/r/learnpython/comments/y759yk/please_walk_me_through_on_how_to_create_an_ai/
matplotlib deprecation warning that I can't find an alternative for,roylennigan,1666067269.0,https://www.reddit.com/r/learnpython/comments/y6wq2b/matplotlib_deprecation_warning_that_i_cant_find/
how can I call a c++ script and pass data,ah7madaj3,1666031357.0,https://www.reddit.com/r/learnpython/comments/y6in6h/how_can_i_call_a_c_script_and_pass_data/
I wrote a cryptographic hash algorithm.,Pedro41RJ,1666051461.0,https://www.reddit.com/r/learnpython/comments/y6r27z/i_wrote_a_cryptographic_hash_algorithm/
Question on color highlighted text,RoolRidRevin,1666064047.0,https://www.reddit.com/r/learnpython/comments/y6vmg4/question_on_color_highlighted_text/
"Need help with taking the mean of multiple np.arrays stored in one column, separated by if a different column equals the same value",ChowChow260,1666063725.0,https://www.reddit.com/r/learnpython/comments/y6vibk/need_help_with_taking_the_mean_of_multiple/
How to delete all of a specific character in a file,GertDeEerste,1666063720.0,https://www.reddit.com/r/learnpython/comments/y6vi9b/how_to_delete_all_of_a_specific_character_in_a/
Linear regression with Numpy and Scipy,netforce23,1666063487.0,https://www.reddit.com/r/learnpython/comments/y6vffr/linear_regression_with_numpy_and_scipy/
"Hi all, I'm new to python and currently attempting to make a Caesar Cipher. I have it working to the point of shifting capital and lowercase letters up to 2 times through the alphabet, but I get an error when I input 3.",KennyFromAOT,1666062998.0,https://www.reddit.com/r/learnpython/comments/y6v9dz/hi_all_im_new_to_python_and_currently_attempting/
Learning Python after C#,Drumknott88,1666001715.0,https://www.reddit.com/r/learnpython/comments/y677ug/learning_python_after_c/
How can I detect when a webcam is in use on Windows 10?,drawnograph,1666027470.0,https://www.reddit.com/r/learnpython/comments/y6gzwr/how_can_i_detect_when_a_webcam_is_in_use_on/
output a single error message in a for loop?,HamHandedBravado,1666048928.0,https://www.reddit.com/r/learnpython/comments/y6q3ut/output_a_single_error_message_in_a_for_loop/
Having issues with Anaconda/Spyder - is there a community that can help?,Jim421616,1666062158.0,https://www.reddit.com/r/learnpython/comments/y6uyol/having_issues_with_anacondaspyder_is_there_a/
Where to practice?,Calfy_,1666040633.0,https://www.reddit.com/r/learnpython/comments/y6mnlw/where_to_practice/
Best Approach to Printing on Tax Forms?,Rcrecc,1666061853.0,https://www.reddit.com/r/learnpython/comments/y6uulr/best_approach_to_printing_on_tax_forms/
schedule at every N mins.,-MobCat-,1666060508.0,https://www.reddit.com/r/learnpython/comments/y6udnc/schedule_at_every_n_mins/
"MVC, MVP, MVVM ...?",5erif,1666059578.0,https://www.reddit.com/r/learnpython/comments/y6u1hn/mvc_mvp_mvvm/
How would you go about web scraping $ totals on this crypto dashboard?,brandeeeen,1666059545.0,https://www.reddit.com/r/learnpython/comments/y6u11x/how_would_you_go_about_web_scraping_totals_on/
python crash course - skip the game chapters?,rekindled77,1666059186.0,https://www.reddit.com/r/learnpython/comments/y6twd1/python_crash_course_skip_the_game_chapters/
OpenCV - Undistorting Camera,WhiteImpDragon,1666007231.0,https://www.reddit.com/r/learnpython/comments/y6914n/opencv_undistorting_camera/
Would you recommend the 100 day Python course by Udemy?,spxxr,1666057126.0,https://www.reddit.com/r/learnpython/comments/y6t56f/would_you_recommend_the_100_day_python_course_by/
Noob level exercises,Nelsonleesha,1666056822.0,https://www.reddit.com/r/learnpython/comments/y6t10v/noob_level_exercises/
Is there a way to measure how fast my neural network with keras makes predictions?,NameError-undefined,1666056701.0,https://www.reddit.com/r/learnpython/comments/y6szfz/is_there_a_way_to_measure_how_fast_my_neural/
Input coming back as a Future,ZachariG,1666034553.0,https://www.reddit.com/r/learnpython/comments/y6jzzd/input_coming_back_as_a_future/
How to extract JSON into DataFrame columns?,devmu,1666042276.0,https://www.reddit.com/r/learnpython/comments/y6nd1w/how_to_extract_json_into_dataframe_columns/
How do i make numbers in random module always start with 0?,OrtIPL,1666034300.0,https://www.reddit.com/r/learnpython/comments/y6jw20/how_do_i_make_numbers_in_random_module_always/
Regex to find and replace with same string plus a suffix,kagbeni,1666034238.0,https://www.reddit.com/r/learnpython/comments/y6jv3h/regex_to_find_and_replace_with_same_string_plus_a/
Code to count coins and add up the sum,N_charp19,1666053562.0,https://www.reddit.com/r/learnpython/comments/y6rtzj/code_to_count_coins_and_add_up_the_sum/
How can i get a value by requests and BeautifulSoup,moysesmoreira,1666053236.0,https://www.reddit.com/r/learnpython/comments/y6rppj/how_can_i_get_a_value_by_requests_and/
I need help with my discord bot!,GhostcatPNG,1666053043.0,https://www.reddit.com/r/learnpython/comments/y6rn67/i_need_help_with_my_discord_bot/
Can I discover available (but not imported) objects in a given namespace?,fmillion,1666052295.0,https://www.reddit.com/r/learnpython/comments/y6rda6/can_i_discover_available_but_not_imported_objects/
"Merge data frames, the keep the latest date",pander1405,1666052050.0,https://www.reddit.com/r/learnpython/comments/y6ra0q/merge_data_frames_the_keep_the_latest_date/
Problem Parsing Values Coming in from Pyserial,MattDLD,1666051108.0,https://www.reddit.com/r/learnpython/comments/y6qxar/problem_parsing_values_coming_in_from_pyserial/
Noob Python Coder Needs Help,Imperator_Scrotum,1666050332.0,https://www.reddit.com/r/learnpython/comments/y6qn4f/noob_python_coder_needs_help/
How to lock the screen on a tkinter window,tamaleA19,1666014963.0,https://www.reddit.com/r/learnpython/comments/y6by37/how_to_lock_the_screen_on_a_tkinter_window/
Why do all the class_names have different class_ids? How do I correct this?,thisisech,1666034840.0,https://www.reddit.com/r/learnpython/comments/y6k42s/why_do_all_the_class_names_have_different_class/
need help with my assignment,Working_Pollution_16,1666047245.0,https://www.reddit.com/r/learnpython/comments/y6pflr/need_help_with_my_assignment/
how do i move to the next thing instead of it ending?,long2shortbot,1666046894.0,https://www.reddit.com/r/learnpython/comments/y6pakj/how_do_i_move_to_the_next_thing_instead_of_it/
Where to host flask web app with database (paid options only),Dead0k87,1666033289.0,https://www.reddit.com/r/learnpython/comments/y6jgkp/where_to_host_flask_web_app_with_database_paid/
Tools for visualizing classes?,xpcnl,1666033201.0,https://www.reddit.com/r/learnpython/comments/y6jexi/tools_for_visualizing_classes/
clicking on specific parts of an image,iamfacts,1666045132.0,https://www.reddit.com/r/learnpython/comments/y6okqd/clicking_on_specific_parts_of_an_image/
Nonstop sending message in Skype auto replier coding with skyp package,anisozygoptera,1666044833.0,https://www.reddit.com/r/learnpython/comments/y6og4l/nonstop_sending_message_in_skype_auto_replier/
"os.path.isdir() keeps returning True for "".log"" files",CruderMermaid6,1666043550.0,https://www.reddit.com/r/learnpython/comments/y6nwgh/ospathisdir_keeps_returning_true_for_log_files/
Why does my first list not print? I am missing something but I dont know what....,jsnuuub,1666043315.0,https://www.reddit.com/r/learnpython/comments/y6nssh/why_does_my_first_list_not_print_i_am_missing/
Help with a Python snake game,Im_just_here_4_fun,1666029428.0,https://www.reddit.com/r/learnpython/comments/y6hti7/help_with_a_python_snake_game/
Issue installing module from conda-forge,Sorry_no_change,1666042479.0,https://www.reddit.com/r/learnpython/comments/y6ng6x/issue_installing_module_from_condaforge/
be real with me,hannah_robyn_24,1666041494.0,https://www.reddit.com/r/learnpython/comments/y6n115/be_real_with_me/
Need help. My code is printing 2 messages when I only want it to print 1.,Lucky_University3275,1666041295.0,https://www.reddit.com/r/learnpython/comments/y6mxz7/need_help_my_code_is_printing_2_messages_when_i/
help python coding assignment,Downtown_Cat_468,1666054195.0,https://www.reddit.com/r/learnpython/comments/y6s288/help_python_coding_assignment/
mysql.connector connect and nextset(),Laurielounge,1666040507.0,https://www.reddit.com/r/learnpython/comments/y6mllg/mysqlconnector_connect_and_nextset/
Project feasibility: Taking a very simple binary color image (black lines on white canvas) made of rectangles and return corner coordinates,Itchy_Watercress2081,1666040189.0,https://www.reddit.com/r/learnpython/comments/y6mgf2/project_feasibility_taking_a_very_simple_binary/
Best options for learning data science/engineering as an experienced python dev?,Vietname,1666039772.0,https://www.reddit.com/r/learnpython/comments/y6m9v5/best_options_for_learning_data_scienceengineering/
How does google collab or kaggle deploy an isolated public jupyter playground,A7mdxDD,1666039705.0,https://www.reddit.com/r/learnpython/comments/y6m8tf/how_does_google_collab_or_kaggle_deploy_an/
Is there a definitive book for Python?,kalashnikovBaby,1665943946.0,https://www.reddit.com/r/learnpython/comments/y5nm6c/is_there_a_definitive_book_for_python/
What am I doing wrong? Please help this project is due at midnight.,JaxonAfro,1666065364.0,https://www.reddit.com/r/learnpython/comments/y6w2ug/what_am_i_doing_wrong_please_help_this_project_is/
Using functions inside of functions: I am extremely confused,Sabtael,1666038125.0,https://www.reddit.com/r/learnpython/comments/y6ljrx/using_functions_inside_of_functions_i_am/
How can i extract specific text from string?,kyrkas,1666037243.0,https://www.reddit.com/r/learnpython/comments/y6l5nb/how_can_i_extract_specific_text_from_string/
Need help with simple code python. I'm a beginner,Hanokoz,1666037087.0,https://www.reddit.com/r/learnpython/comments/y6l351/need_help_with_simple_code_python_im_a_beginner/
Interactive plots and selecting data from a region of interest (ROI),citro-naut,1666036686.0,https://www.reddit.com/r/learnpython/comments/y6kwh0/interactive_plots_and_selecting_data_from_a/
Can someone help me with this? I don’t know where to start.,OutsideBeginning533,1666036340.0,https://www.reddit.com/r/learnpython/comments/y6kr8f/can_someone_help_me_with_this_i_dont_know_where/
"Creating ""minimalistic & extensible"" web browser in PyQt5 to solve the problems with qutebrowser.",RevolutionaryAir1922,1666022673.0,https://www.reddit.com/r/learnpython/comments/y6eyks/creating_minimalistic_extensible_web_browser_in/
Pretty HTML Table,chriscraven,1666036047.0,https://www.reddit.com/r/learnpython/comments/y6kmlx/pretty_html_table/
Programming arithmetic operators,DemandAny1075,1666035679.0,https://www.reddit.com/r/learnpython/comments/y6kgxk/programming_arithmetic_operators/
Pandas Library Question: Anyone know if pandas has JSON.normalize for json files?,kalavala93,1666007597.0,https://www.reddit.com/r/learnpython/comments/y695w6/pandas_library_question_anyone_know_if_pandas_has/
Creating os.symlink() with pool,skurelowech3,1666034432.0,https://www.reddit.com/r/learnpython/comments/y6jy4b/creating_ossymlink_with_pool/
Help with numpy.log,tinkyteo,1666034179.0,https://www.reddit.com/r/learnpython/comments/y6ju71/help_with_numpylog/
Replace function in txt file,maxkomh,1666033379.0,https://www.reddit.com/r/learnpython/comments/y6jhyk/replace_function_in_txt_file/
cannot plot any foreign keys in plotly,muneermohd96190,1666019755.0,https://www.reddit.com/r/learnpython/comments/y6dosq/cannot_plot_any_foreign_keys_in_plotly/
Discount Dataquest,bertoldbrecht,1666032392.0,https://www.reddit.com/r/learnpython/comments/y6j2vi/discount_dataquest/
PyInstaller: Long .exe Program Load Time,Parafault,1666031589.0,https://www.reddit.com/r/learnpython/comments/y6iqst/pyinstaller_long_exe_program_load_time/
How is this happening ?? The code for drawing a sprite is being ran before it's even initialized,noai_aludem,1666031349.0,https://www.reddit.com/r/learnpython/comments/y6in2a/how_is_this_happening_the_code_for_drawing_a/
Can someone please explain to me how to access a specific cell in openpyxl?,Vinyameen,1666030779.0,https://www.reddit.com/r/learnpython/comments/y6ie7k/can_someone_please_explain_to_me_how_to_access_a/
Filtering a large list of tuples down to 16 tuples where every number in range(32) is included once and only once.,MrDowntempo,1666030616.0,https://www.reddit.com/r/learnpython/comments/y6ibr3/filtering_a_large_list_of_tuples_down_to_16/
Regex with unknown characters,Rocketman7121,1666017037.0,https://www.reddit.com/r/learnpython/comments/y6cpp4/regex_with_unknown_characters/
Where can I find challenging python excercise to practice?,Ok_Gas_6560,1666030388.0,https://www.reddit.com/r/learnpython/comments/y6i8a1/where_can_i_find_challenging_python_excercise_to/
Need a specific string length,Illustrious_Cry1504,1666029960.0,https://www.reddit.com/r/learnpython/comments/y6i1t1/need_a_specific_string_length/
Accessing nested JSON elements,zoltan_g,1666029751.0,https://www.reddit.com/r/learnpython/comments/y6hyn1/accessing_nested_json_elements/
idk why my program dont work,BeginningMacaroon226,1666029711.0,https://www.reddit.com/r/learnpython/comments/y6hxyw/idk_why_my_program_dont_work/
How do i make something print as many times as the user chooses,OrtIPL,1666029412.0,https://www.reddit.com/r/learnpython/comments/y6ht7w/how_do_i_make_something_print_as_many_times_as/
Feeling very deflated with Python,helpmecoding,1666029176.0,https://www.reddit.com/r/learnpython/comments/y6hpm5/feeling_very_deflated_with_python/
Tkinter and trace in a loop,pablogott,1666029030.0,https://www.reddit.com/r/learnpython/comments/y6hnfo/tkinter_and_trace_in_a_loop/
how to justify ignoring everything that comes before it.,TheScullywagon,1666029007.0,https://www.reddit.com/r/learnpython/comments/y6hn28/how_to_justify_ignoring_everything_that_comes/
EGCD with pip,ProgrammerPlastic224,1666027627.0,https://www.reddit.com/r/learnpython/comments/y6h268/egcd_with_pip/
what is this expression doing?,random_boiler,1666027262.0,https://www.reddit.com/r/learnpython/comments/y6gwti/what_is_this_expression_doing/
Need help in running concurrent loops,dIAb0LiK99,1666026579.0,https://www.reddit.com/r/learnpython/comments/y6gmgv/need_help_in_running_concurrent_loops/
Relative Path (pathlib) name working on MAC OS but on Windows gives me a error,Darkness1419,1666025901.0,https://www.reddit.com/r/learnpython/comments/y6gbv3/relative_path_pathlib_name_working_on_mac_os_but/
Limit xtick labels to twice a month?,firedrow,1666024804.0,https://www.reddit.com/r/learnpython/comments/y6fve6/limit_xtick_labels_to_twice_a_month/
Making a simple game in pygame,Shadow26101,1666024738.0,https://www.reddit.com/r/learnpython/comments/y6fud6/making_a_simple_game_in_pygame/
Seeking Help,leftsidedzipper,1666024457.0,https://www.reddit.com/r/learnpython/comments/y6fq5o/seeking_help/
"I'm trying to get only the ""good"" data from a csv....",rubyfroom,1666024239.0,https://www.reddit.com/r/learnpython/comments/y6fmqe/im_trying_to_get_only_the_good_data_from_a_csv/
Can someone help me with a for loop issue.,Nats_daddy,1666023651.0,https://www.reddit.com/r/learnpython/comments/y6fdnt/can_someone_help_me_with_a_for_loop_issue/
How do you extract certain columns where mean > some_val in Pandas?,Admiral-Galt,1666022526.0,https://www.reddit.com/r/learnpython/comments/y6ew85/how_do_you_extract_certain_columns_where_mean/
How to train my AI,PenguinPolarStuff,1666035805.0,https://www.reddit.com/r/learnpython/comments/y6kiy0/how_to_train_my_ai/
Problem with Zylab Autograder Input. HELP!,naemwear,1666021893.0,https://www.reddit.com/r/learnpython/comments/y6emmz/problem_with_zylab_autograder_input_help/
Optional arguments vs Multiple functions,elnanoml,1666021450.0,https://www.reddit.com/r/learnpython/comments/y6eftr/optional_arguments_vs_multiple_functions/
How to determine most common commands from a code dataset?,jssmith42,1666021230.0,https://www.reddit.com/r/learnpython/comments/y6ecks/how_to_determine_most_common_commands_from_a_code/
"I keep getting the message: ""Contents were not as expected""; any help would be greatly appreciated",YeeYoot,1666021017.0,https://www.reddit.com/r/learnpython/comments/y6e97w/i_keep_getting_the_message_contents_were_not_as/
how do i make a variable passively increase,LoPiratoLOCO,1666020936.0,https://www.reddit.com/r/learnpython/comments/y6e7zm/how_do_i_make_a_variable_passively_increase/
I need help splitting a file into multiple segment sizes,jstockton76,1666020477.0,https://www.reddit.com/r/learnpython/comments/y6e0yr/i_need_help_splitting_a_file_into_multiple/
Need help with for loop duplicates issue,madhu666,1666020233.0,https://www.reddit.com/r/learnpython/comments/y6dx3i/need_help_with_for_loop_duplicates_issue/
Checking if a dataclass (or class) attributes are hashable without using hash(),undid_legacy,1666020040.0,https://www.reddit.com/r/learnpython/comments/y6dtwr/checking_if_a_dataclass_or_class_attributes_are/
Can You Guys Help Me with this Question,Medical-Rooster-4668,1666019934.0,https://www.reddit.com/r/learnpython/comments/y6ds0f/can_you_guys_help_me_with_this_question/
Most reliable way to install/use python on linux,Buggy4775,1666019782.0,https://www.reddit.com/r/learnpython/comments/y6dpco/most_reliable_way_to_installuse_python_on_linux/
Pandas - Find blanks and replace based on another column,somanyquestions1212,1666019649.0,https://www.reddit.com/r/learnpython/comments/y6dngj/pandas_find_blanks_and_replace_based_on_another/
How to solve this issue?,inobody_somebody,1666019015.0,https://www.reddit.com/r/learnpython/comments/y6dizv/how_to_solve_this_issue/
Pygame won't display a background image. System is a Mac and python version is 3.6.6.,JamesJe13,1666018514.0,https://www.reddit.com/r/learnpython/comments/y6db3f/pygame_wont_display_a_background_image_system_is/
Appending unique tuples,greengolcano,1666017245.0,https://www.reddit.com/r/learnpython/comments/y6csfz/appending_unique_tuples/
help with an assignment,lunaticboot,1666016347.0,https://www.reddit.com/r/learnpython/comments/y6cgnq/help_with_an_assignment/
How to parse & extract certain specific information from text file with multiple curly brackets grouping?,dankbuckeyes,1666015762.0,https://www.reddit.com/r/learnpython/comments/y6c964/how_to_parse_extract_certain_specific_information/
Parsing iTunes XML playlist using Element Tree,deinyxq,1666015685.0,https://www.reddit.com/r/learnpython/comments/y6c85x/parsing_itunes_xml_playlist_using_element_tree/
"How to make a call to specific ip and a port using different protocol (http/https, ssh)",Financial-Advice-409,1666013690.0,https://www.reddit.com/r/learnpython/comments/y6bgfk/how_to_make_a_call_to_specific_ip_and_a_port/
For Loops Question,Maggie_May_1995,1666013441.0,https://www.reddit.com/r/learnpython/comments/y6bd3r/for_loops_question/
translating a str of numbers into a normal sentence,your-mom-was-burned,1666013310.0,https://www.reddit.com/r/learnpython/comments/y6bbbh/translating_a_str_of_numbers_into_a_normal/
Collecting Multiple numbers from whatsapp using web scrapping,WesleysTheory35,1666012232.0,https://www.reddit.com/r/learnpython/comments/y6awis/collecting_multiple_numbers_from_whatsapp_using/
Restarting the program,RazeBms,1666011553.0,https://www.reddit.com/r/learnpython/comments/y6amu7/restarting_the_program/
Problem with glob library,WearyBoysenberry9496,1665997998.0,https://www.reddit.com/r/learnpython/comments/y666ns/problem_with_glob_library/
Question about which framework to use for website,Dinomaparty,1666011506.0,https://www.reddit.com/r/learnpython/comments/y6am71/question_about_which_framework_to_use_for_website/
Iterating through nested directories,umefarp,1666011175.0,https://www.reddit.com/r/learnpython/comments/y6ahsq/iterating_through_nested_directories/
need help with random sentence generator,realdealishere1,1666010425.0,https://www.reddit.com/r/learnpython/comments/y6a7ej/need_help_with_random_sentence_generator/
FNF Python Bot Help,SanicFastTime,1666009843.0,https://www.reddit.com/r/learnpython/comments/y69zfs/fnf_python_bot_help/
Why exception was not caught by try when file copy failed (try right before copy command)?,UncertainAboutIt,1666007967.0,https://www.reddit.com/r/learnpython/comments/y69akc/why_exception_was_not_caught_by_try_when_file/
"Hello, Guys. I am trying to understand the below code but not getting it. Can anyone please help me to understand this code.",Massive_Valuable_939,1666005355.0,https://www.reddit.com/r/learnpython/comments/y68cu7/hello_guys_i_am_trying_to_understand_the_below/
100 days of code question.,AnteaterAvailable571,1665969721.0,https://www.reddit.com/r/learnpython/comments/y5xnnf/100_days_of_code_question/
"Mutation only happens for a global, but not a function?",trannus_aran,1666003671.0,https://www.reddit.com/r/learnpython/comments/y67tfr/mutation_only_happens_for_a_global_but_not_a/
Playing multiple .wav and/or mp3 files in Python,SoVerySick314159,1666003650.0,https://www.reddit.com/r/learnpython/comments/y67t82/playing_multiple_wav_andor_mp3_files_in_python/
How to forward messages from .txt into discord channel?,Delicious-Ad-4944,1666002429.0,https://www.reddit.com/r/learnpython/comments/y67fqo/how_to_forward_messages_from_txt_into_discord/
"Python Coding help- keep recieving error message""AttributeError: 'numpy.ndarray' object has no attribute 'MESSAGE_A'""",rylo_ren_,1665944518.0,https://www.reddit.com/r/learnpython/comments/y5nv1q/python_coding_help_keep_recieving_error/
How would you learn python fast for 2 different field?,Kolossh,1666000250.0,https://www.reddit.com/r/learnpython/comments/y66s85/how_would_you_learn_python_fast_for_2_different/
Convert JSON to XML,Last-Run-2118,1666000120.0,https://www.reddit.com/r/learnpython/comments/y66r0c/convert_json_to_xml/
How to iterate over list and save to file,lowkeeey,1665997672.0,https://www.reddit.com/r/learnpython/comments/y663hc/how_to_iterate_over_list_and_save_to_file/
How do I select a different line from a file each time?,MicrowaveBurrito2568,1665995333.0,https://www.reddit.com/r/learnpython/comments/y65gal/how_do_i_select_a_different_line_from_a_file_each/
AsyncImage kivy: Image from website is able to work and load on desktop but unable to work and load after code is converted to apk for android app.,Sudden-Ad-9861,1665981346.0,https://www.reddit.com/r/learnpython/comments/y61j82/asyncimage_kivy_image_from_website_is_able_to/
it is okay to use class like this?,arizuvade,1665993841.0,https://www.reddit.com/r/learnpython/comments/y652au/it_is_okay_to_use_class_like_this/
how to convert this bytes datatype into dictionary,Brilliant_Essay1287,1665992286.0,https://www.reddit.com/r/learnpython/comments/y64nnr/how_to_convert_this_bytes_datatype_into_dictionary/
why is my for loop not decrementing?,Metalmorphd,1665992197.0,https://www.reddit.com/r/learnpython/comments/y64mui/why_is_my_for_loop_not_decrementing/
URGENT HELP : Classes,No_Drawing_4987,1666018104.0,https://www.reddit.com/r/learnpython/comments/y6d4vm/urgent_help_classes/
Need help with yaml and for loop issue,madhu666,1665990289.0,https://www.reddit.com/r/learnpython/comments/y644ka/need_help_with_yaml_and_for_loop_issue/
Finding a course for Data Analysis,visagedemort,1665988376.0,https://www.reddit.com/r/learnpython/comments/y63ldg/finding_a_course_for_data_analysis/
Creating N lists with maximum distance between each point,Caladbolg_Prometheus,1665986159.0,https://www.reddit.com/r/learnpython/comments/y62ytg/creating_n_lists_with_maximum_distance_between/
SAP application,catchmeifucan10,1665985996.0,https://www.reddit.com/r/learnpython/comments/y62x4i/sap_application/
Anything wrong with my Python SQL statement,Many_Shopping_195,1665984344.0,https://www.reddit.com/r/learnpython/comments/y62g3t/anything_wrong_with_my_python_sql_statement/
How to store class instances into a class?,DrSkoolie,1665983698.0,https://www.reddit.com/r/learnpython/comments/y6297l/how_to_store_class_instances_into_a_class/
Need a little direction,NegroNerd,1665982054.0,https://www.reddit.com/r/learnpython/comments/y61r0z/need_a_little_direction/
why does my code have errors when im carefully following a course where in their case nothing is wrong?,we_want_jj_baldski,1666013351.0,https://www.reddit.com/r/learnpython/comments/y6bbu2/why_does_my_code_have_errors_when_im_carefully/
Did I help our intern correctly?,laparior,1665960203.0,https://www.reddit.com/r/learnpython/comments/y5u7as/did_i_help_our_intern_correctly/
Bitwise operator question,SKPhantoms,1665944980.0,https://www.reddit.com/r/learnpython/comments/y5o1zc/bitwise_operator_question/
Daddy bezos doesnt like scraping,alittlebityours,1666005840.0,https://www.reddit.com/r/learnpython/comments/y68j3b/daddy_bezos_doesnt_like_scraping/
Where can I find a list of which variable names to avoid,seeking-advice-pls,1665893844.0,https://www.reddit.com/r/learnpython/comments/y57d9d/where_can_i_find_a_list_of_which_variable_names/
Help with ‘Classes’,No_Drawing_4987,1666013489.0,https://www.reddit.com/r/learnpython/comments/y6bdro/help_with_classes/
How to slice a list,SnooPuppers2210,1665977051.0,https://www.reddit.com/r/learnpython/comments/y605id/how_to_slice_a_list/
Matching correct username to correct password,LordOfTheSimps69,1665976256.0,https://www.reddit.com/r/learnpython/comments/y5zvqo/matching_correct_username_to_correct_password/
Why is python investing so much in typing/type hints?,darwinBishop,1665954525.0,https://www.reddit.com/r/learnpython/comments/y5ryv0/why_is_python_investing_so_much_in_typingtype/
Split a string of words separated by commas and spaces into 2 lists: words and separators,New-Row-7664,1665961586.0,https://www.reddit.com/r/learnpython/comments/y5uq5m/split_a_string_of_words_separated_by_commas_and/
Nested JSON to dataframe,Enigma1984,1665961507.0,https://www.reddit.com/r/learnpython/comments/y5up4h/nested_json_to_dataframe/
script for adding ips to security group in AWS.,bigtuna077,1665974930.0,https://www.reddit.com/r/learnpython/comments/y5zfl8/script_for_adding_ips_to_security_group_in_aws/
